V1,V2,V3,V4,V5,V6,V7,V8,V9,V10,Q13,Q14,Q15,Q16,Q17,Q18,Q20,Q21,Q22,Q23,Q24,Q25,Q26,Q27,Q28,Q29,LocationLatitude,LocationLongitude,LocationAccuracy,
ResponseID,ResponseSet,Name,ExternalDataReference,EmailAddress,IPAddress,Status,StartDate,EndDate,Finished,Do you support/oppose a minimum wage increase?,Do you support/oppose transgender rights?,Do you support/oppose marijuana legalization?,"Last November, students at the Woodrow Wilson School of Princeton demanded that the university re...",Do you support/oppose single-payer healthcare?,Do you support/oppose mandatory minimum sentences?,Do you support/oppose the Iran deal?,Do you support/oppose the TPP (trans-pacific partnership)?,Do you support/oppose a ban on assault rifles?,Do you support/oppose requiring a photo ID to vote?,Do you support/oppose affirmative action?,Do you support/oppose accepting refugees from Syria?,"Do you support/oppose subsidizing energy sources such as wind, solar, and hydro?",Do you support/oppose U.S. support for Israel?,Do you support/oppose U.S. support for Saudi Arabia?,Do you support/oppose Tufts divesting from fossil fuels?,LocationLatitude,LocationLongitude,LocationAccuracy,
R_31zpDe9gY4ycu2r,Default Response Set,Anonymous,,,,9,2016-02-26 15:08:22,2016-02-26 15:08:22,1,,,,,,,,,,,,,,,,,42.401901245117,-71.119300842285,-1,
R_30dgaggK5RM2zxB,Default Response Set,Anonymous,,,,9,2016-02-26 15:08:22,2016-02-26 15:08:22,1,,,,,,,,,,,,,,,,,42.401901245117,-71.119300842285,-1,
R_1HkOQpZ6lauUfSO,Default Response Set,Anonymous,,,,9,2016-02-26 15:08:54,2016-02-26 15:08:54,1,,,,,,,,,,,,,,,,,42.401901245117,-71.119300842285,-1,
R_1NyooDETojAsPhf,Default Response Set,Anonymous,,,,9,2016-02-26 15:08:54,2016-02-26 15:08:54,1,,,,,,,,,,,,,,,,,42.401901245117,-71.119300842285,-1,
R_2YM5uSaKbbmE0yU,Default Response Set,Anonymous,,,,9,2016-02-26 15:09:09,2016-02-26 15:09:09,1,,,,,,,,,,,,,,,,,42.401901245117,-71.119300842285,-1,
R_2qlKYXPZ8mC0rS2,Default Response Set,Anonymous,,,,9,2016-02-26 15:09:09,2016-02-26 15:09:09,1,,,,,,,,,,,,,,,,,42.401901245117,-71.119300842285,-1,
R_3G0AvBxxURL3OK6,Default Response Set,Anonymous,,,,1,2016-02-26 16:12:37,2016-02-26 16:12:37,1,,,,,,,,,,,,,,,,,42.401901245117,-71.119300842285,-1,
R_3QJbt1qssemKXYU,Default Response Set,Anonymous,,,,9,2016-02-26 16:12:37,2016-02-26 16:12:37,1,,,,,,,,,,,,,,,,,42.401901245117,-71.119300842285,-1,
R_1PXJJMdbkaUIMG3,Default Response Set,Anonymous,,,,9,2016-02-26 16:29:29,2016-02-26 16:29:29,1,,,,,,,,,,,,,,,,,42.401901245117,-71.119300842285,-1,
R_3iEa46uNdHvs8tR,Default Response Set,Anonymous,,,,9,2016-02-26 16:29:29,2016-02-26 16:29:29,1,,,,,,,,,,,,,,,,,42.401901245117,-71.119300842285,-1,
R_3JtrX0f7NEpcwIL,Default Response Set,Anonymous,,,,9,2016-02-26 16:29:40,2016-02-26 16:29:40,1,,,,,,,,,,,,,,,,,42.401901245117,-71.119300842285,-1,
R_2YRPZrllLbCACEF,Default Response Set,Anonymous,,,,9,2016-02-26 16:29:40,2016-02-26 16:29:40,1,,,,,,,,,,,,,,,,,42.401901245117,-71.119300842285,-1,
R_BWWq0AIq4wzt9wB,Default Response Set,Anonymous,,,130.64.25.60,0,2016-03-01 09:38:16,2016-03-01 09:40:29,1,1,1,3,2,4,4,2,3,1,4,3,1,1,3,3,2,42.401901245117,-71.119300842285,-1,
R_124J82Mwx9JC2Qp,Default Response Set,Anonymous,,,130.64.25.58,0,2016-03-01 09:30:33,2016-03-01 09:40:34,1,1,1,2,2,2,4,3,3,1,4,2,1,1,4,3,2,42.401901245117,-71.119300842285,-1,
R_27QBl3OiebL9F0S,Default Response Set,Anonymous,,,130.64.176.51,0,2016-03-01 09:44:13,2016-03-01 09:46:20,1,2,1,1,4,1,4,2,4,1,3,2,1,1,5,3,1,42.401901245117,-71.119300842285,-1,
R_1Lbv22t4Y0TniKz,Default Response Set,Anonymous,,,130.64.25.59,0,2016-03-01 09:50:52,2016-03-01 09:53:22,1,2,1,1,2,2,5,1,5,4,5,2,2,1,4,4,3,42.401901245117,-71.119300842285,-1,
R_1FKbeOtg53EL4d8,Default Response Set,Anonymous,,,130.64.25.62,0,2016-03-01 10:11:13,2016-03-01 10:13:16,1,5,3,3,5,5,3,5,5,5,1,5,5,5,1,3,4,42.401901245117,-71.119300842285,-1,
R_SH0GAiMg2iLkGNX,Default Response Set,Anonymous,,,130.64.194.112,0,2016-03-01 09:34:04,2016-03-01 10:25:01,1,2,1,3,2,1,5,4,3,2,3,3,1,2,2,2,2,42.401901245117,-71.119300842285,-1,
R_12nXO1IOZ79KF7D,Default Response Set,Anonymous,,,50.138.224.67,0,2016-03-01 10:29:13,2016-03-01 10:37:39,1,1,1,3,2,1,4,3,,1,5,2,1,1,2,,1,42.380004882812,-71.13289642334,-1,
R_1Ng12AYpxSkCX0p,Default Response Set,Anonymous,,,130.64.25.61,0,2016-03-01 10:51:57,2016-03-01 10:53:40,1,1,1,2,3,1,1,2,2,1,3,2,1,1,3,3,2,42.401901245117,-71.119300842285,-1,
R_UFP90qP2wnKf1UR,Default Response Set,Anonymous,,,130.64.187.189,0,2016-03-01 10:56:08,2016-03-01 10:58:39,1,1,1,3,1,2,5,3,1,3,5,1,1,1,5,5,1,42.401901245117,-71.119300842285,-1,
R_3isvtO3X6etQenu,Default Response Set,Anonymous,,,130.64.25.58,0,2016-03-01 10:59:10,2016-03-01 11:01:34,1,2,2,4,4,3,4,2,2,2,2,3,1,2,2,3,4,42.401901245117,-71.119300842285,-1,
R_3EZ2y3YcHJlX8wy,Default Response Set,Anonymous,,,130.64.185.56,0,2016-03-01 11:33:14,2016-03-01 11:35:04,1,1,1,2,3,1,5,2,5,1,5,1,1,1,4,3,1,42.401901245117,-71.119300842285,-1,
R_3Jk4vLHw76RkNdg,Default Response Set,Anonymous,,,209.6.43.187,0,2016-03-01 11:48:48,2016-03-01 11:50:36,1,1,2,3,3,3,3,3,3,2,4,2,2,2,3,3,2,42.382797241211,-71.095497131348,-1,
R_37VvBbumv2vTeKZ,Default Response Set,Anonymous,,,130.64.161.105,0,2016-03-01 11:54:28,2016-03-01 11:57:29,1,2,2,1,3,3,5,1,3,1,4,2,1,2,5,3,3,42.401901245117,-71.119300842285,-1,
R_spsbaGLRXXdroWd,Default Response Set,Anonymous,,,70.192.5.141,0,2016-03-01 12:05:40,2016-03-01 12:07:43,1,2,1,2,3,3,4,3,3,1,4,2,1,1,2,2,2,42.424697875977,-71.111198425293,-1,
R_3k7Fh1IzWtW5x0t,Default Response Set,Anonymous,,,130.64.25.57,0,2016-03-01 12:11:22,2016-03-01 12:13:14,1,5,1,1,5,3,5,4,3,5,5,4,1,4,2,4,3,42.401901245117,-71.119300842285,-1,
R_5nLgCLn7BgvxnCp,Default Response Set,Anonymous,,,209.6.92.84,0,2016-03-01 12:02:56,2016-03-01 12:20:54,1,2,1,2,3,2,2,3,4,4,3,3,2,2,1,3,3,42.401901245117,-71.119300842285,-1,
R_3EX4T6MbZtVMiBY,Default Response Set,Anonymous,,,130.64.25.59,0,2016-03-01 12:19:13,2016-03-01 12:21:31,1,2,1,2,3,1,4,1,2,1,5,2,1,2,4,5,2,42.401901245117,-71.119300842285,-1,
R_yrUw8q2EAYRMVpf,Default Response Set,Anonymous,,,130.64.25.57,0,2016-03-01 12:37:24,2016-03-01 12:39:31,1,1,1,2,1,1,5,2,4,1,5,1,1,1,3,4,2,42.401901245117,-71.119300842285,-1,
R_2WuMQCxudXXGYCc,Default Response Set,Anonymous,,,130.64.25.62,0,2016-03-01 13:07:12,2016-03-01 13:09:53,1,2,1,2,3,3,4,2,2,1,4,3,2,1,4,4,1,42.401901245117,-71.119300842285,-1,
R_3fjGksz1MSMnyo8,Default Response Set,Anonymous,,,130.64.25.61,0,2016-03-01 12:49:10,2016-03-01 13:11:03,1,1,1,1,3,3,4,2,4,1,4,3,1,1,3,4,2,42.401901245117,-71.119300842285,-1,
R_2YzIGjUitHGsHMh,Default Response Set,Anonymous,,,130.64.177.214,0,2016-03-01 15:19:19,2016-03-01 15:21:26,1,2,2,2,3,3,2,4,2,2,3,2,3,2,1,3,2,42.401901245117,-71.119300842285,-1,
R_3qDxR3yjNxYKtWx,Default Response Set,Anonymous,,,130.64.25.61,0,2016-03-01 15:23:21,2016-03-01 15:25:55,1,1,1,1,4,3,5,1,2,4,4,1,1,1,4,4,4,42.401901245117,-71.119300842285,-1,
R_2w6JTspt3R8Okhw,Default Response Set,Anonymous,,,130.64.149.246,0,2016-03-01 16:07:48,2016-03-01 16:10:30,1,3,2,2,2,3,5,2,3,1,4,2,1,2,4,4,2,42.401901245117,-71.119300842285,-1,
R_3TSwNDNVJYRKDvj,Default Response Set,Anonymous,,,130.64.25.58,0,2016-03-01 16:09:14,2016-03-01 16:12:44,1,2,1,1,3,3,3,3,3,5,3,2,2,1,3,3,1,42.401901245117,-71.119300842285,-1,
R_3jc9FkijfwfW08o,Default Response Set,Anonymous,,,130.64.96.67,0,2016-03-01 17:37:51,2016-03-01 17:39:27,1,4,3,4,5,5,4,2,1,5,4,4,1,5,4,4,5,42.401901245117,-71.119300842285,-1,
R_22xBk1HiZJcPzUN,Default Response Set,Anonymous,,,130.64.17.185,0,2016-03-01 17:40:10,2016-03-01 17:41:47,1,2,1,3,4,2,4,1,3,4,5,2,1,1,4,4,3,42.401901245117,-71.119300842285,-1,
R_sRvwgkwgXGRbr1L,Default Response Set,Anonymous,,,130.64.25.59,0,2016-03-01 17:40:56,2016-03-01 17:42:55,1,1,1,1,2,1,5,2,4,1,5,1,1,1,5,5,1,42.401901245117,-71.119300842285,-1,
R_TckB35FCH2bSkLv,Default Response Set,Anonymous,,,130.64.25.62,0,2016-03-01 17:41:50,2016-03-01 17:43:14,1,2,1,3,4,2,3,3,3,1,4,3,3,3,3,3,3,42.401901245117,-71.119300842285,-1,
R_3scCn173Y1d3rCI,Default Response Set,Anonymous,,,130.64.25.56,0,2016-03-01 17:44:54,2016-03-01 17:46:20,1,4,2,3,4,3,4,1,2,2,1,4,3,2,4,4,5,42.401901245117,-71.119300842285,-1,
R_32JkxM54sqpw7eZ,Default Response Set,Anonymous,,,130.64.25.58,0,2016-03-01 17:45:00,2016-03-01 17:46:53,1,2,1,2,2,3,4,5,2,1,3,2,2,2,1,3,3,42.401901245117,-71.119300842285,-1,
R_3343OUVxhhL0q9W,Default Response Set,Anonymous,,,130.64.25.57,0,2016-03-01 17:45:46,2016-03-01 17:48:00,1,2,1,1,4,2,4,2,3,1,3,2,1,2,3,4,2,42.401901245117,-71.119300842285,-1,
R_3lQfNUeKomS8294,Default Response Set,Anonymous,,,166.172.62.81,0,2016-03-01 17:52:11,2016-03-01 17:53:54,1,2,1,1,3,4,5,1,2,1,4,2,1,1,2,4,3,40.849899291992,-73.876899719238,-1,
R_Dq0aJ4oUhPOAsZX,Default Response Set,Anonymous,,,130.64.25.56,0,2016-03-01 17:54:17,2016-03-01 17:56:34,1,2,1,3,3,4,2,2,3,1,2,3,2,2,2,2,2,42.401901245117,-71.119300842285,-1,
R_2dGTlOy2CHqO9bn,Default Response Set,Anonymous,,,73.16.10.142,0,2016-03-01 17:54:50,2016-03-01 17:58:07,1,2,2,3,1,1,5,2,4,1,3,2,1,1,4,4,2,42.110900878906,-71.184898376465,-1,
R_qJYSap2AtN0ipKV,Default Response Set,Anonymous,,,130.64.98.174,0,2016-03-01 18:02:40,2016-03-01 18:05:19,1,5,3,1,4,5,5,4,4,5,3,5,2,4,4,4,4,42.401901245117,-71.119300842285,-1,
R_3fTzchLaMwcg2sC,Default Response Set,Anonymous,,,130.64.149.52,0,2016-03-01 18:08:51,2016-03-01 18:11:40,1,1,1,2,2,2,5,2,3,1,5,2,1,1,3,3,2,42.401901245117,-71.119300842285,-1,
R_3hGRsywgPnJnVon,Default Response Set,Anonymous,,,130.64.25.60,0,2016-03-01 18:11:11,2016-03-01 18:12:48,1,2,2,2,4,2,4,2,2,2,4,5,2,1,4,2,1,42.401901245117,-71.119300842285,-1,
R_1QzrEJ7IaSt5A4B,Default Response Set,Anonymous,,,130.64.177.144,0,2016-03-01 18:11:14,2016-03-01 18:13:02,1,4,3,1,5,4,3,4,3,4,1,4,4,2,1,2,4,42.401901245117,-71.119300842285,-1,
R_2Tzy6jqoNJ0xi5o,Default Response Set,Anonymous,,,130.64.185.120,0,2016-03-01 18:12:39,2016-03-01 18:16:25,1,1,1,1,1,1,5,2,5,1,5,1,1,2,5,4,1,42.401901245117,-71.119300842285,-1,
R_3RcFpewpzE0Qji9,Default Response Set,Anonymous,,,98.216.245.81,0,2016-03-01 18:19:24,2016-03-01 18:25:32,1,1,1,1,2,2,3,1,3,1,5,1,1,1,5,4,1,42.406295776367,-71.051200866699,-1,
R_2b0PD4IHT2Hz6FB,Default Response Set,Anonymous,,,130.64.25.60,0,2016-03-01 18:25:08,2016-03-01 18:26:35,1,1,1,2,3,1,5,1,5,1,3,3,1,1,4,5,1,42.401901245117,-71.119300842285,-1,
R_AurI54y3wpKjpKx,Default Response Set,Anonymous,,,130.64.25.62,0,2016-03-01 18:25:57,2016-03-01 18:27:40,1,1,1,1,3,2,5,2,4,2,5,3,2,2,1,5,5,42.401901245117,-71.119300842285,-1,
R_eP5n9FmWqu6vhER,Default Response Set,Anonymous,,,70.192.2.237,0,2016-03-01 18:27:15,2016-03-01 18:28:48,1,1,1,1,5,4,5,1,1,5,5,1,1,1,2,1,5,42.348403930664,-71.155097961426,-1,
R_0HArswgExSfqvWF,Default Response Set,Anonymous,,,130.64.184.213,0,2016-03-01 18:29:45,2016-03-01 18:31:42,1,1,1,1,4,2,5,2,5,1,5,3,2,2,2,5,2,42.401901245117,-71.119300842285,-1,
R_3PLSL5w1u8xFPTv,Default Response Set,Anonymous,,,130.64.154.203,0,2016-03-01 18:29:48,2016-03-01 18:31:53,1,1,1,1,4,1,5,2,2,2,5,2,1,1,3,4,2,42.401901245117,-71.119300842285,-1,
R_cIygeTGTw0Qv4uR,Default Response Set,Anonymous,,,70.192.5.239,0,2016-03-01 18:29:55,2016-03-01 18:32:49,1,1,1,1,5,1,5,1,2,1,5,2,1,1,5,5,4,42.424697875977,-71.111198425293,-1,
R_3QKNyVZdF3Urhaj,Default Response Set,Anonymous,,,130.64.92.196,0,2016-03-01 18:30:38,2016-03-01 18:33:38,1,2,2,5,4,4,5,2,2,1,5,3,1,1,2,3,4,42.401901245117,-71.119300842285,-1,
R_1r3b64u4BrKAy5a,Default Response Set,Anonymous,,,130.64.25.56,0,2016-03-01 18:32:49,2016-03-01 18:34:08,1,1,1,1,2,2,5,2,3,3,3,2,1,1,3,3,2,42.401901245117,-71.119300842285,-1,
R_2UXE2n2gXPw3voe,Default Response Set,Anonymous,,,130.64.25.61,0,2016-03-01 18:30:07,2016-03-01 18:34:19,1,1,1,2,4,1,5,2,4,1,4,5,1,1,4,5,3,42.401901245117,-71.119300842285,-1,
R_1eFPPDLyw4UxYEP,Default Response Set,Anonymous,,,130.64.195.118,0,2016-03-01 18:30:32,2016-03-01 18:39:48,1,1,1,1,4,1,5,2,3,1,5,2,1,1,4,4,3,42.401901245117,-71.119300842285,-1,
R_1hZ4JeWiDiaE3v2,Default Response Set,Anonymous,,,130.64.25.62,0,2016-03-01 18:38:38,2016-03-01 18:40:12,1,2,1,1,3,1,5,1,3,2,4,2,1,1,2,5,3,42.401901245117,-71.119300842285,-1,
R_1MRF3tEFZCmKH7a,Default Response Set,Anonymous,,,130.64.161.73,0,2016-03-01 18:40:30,2016-03-01 18:43:42,1,5,3,1,3,5,5,2,1,5,2,5,1,5,5,5,3,42.401901245117,-71.119300842285,-1,
R_2QfXBte3fhGaWoM,Default Response Set,Anonymous,,,130.64.157.66,0,2016-03-01 18:22:01,2016-03-01 18:56:12,1,2,1,2,3,3,3,2,3,1,4,1,1,1,3,3,1,42.401901245117,-71.119300842285,-1,
R_1LYDgWMjD3iIDrC,Default Response Set,Anonymous,,,130.64.25.62,0,2016-03-01 18:56:45,2016-03-01 18:58:30,1,3,1,3,4,3,3,3,3,2,3,3,2,3,1,3,2,42.401901245117,-71.119300842285,-1,
R_29hUArJQvtXl1Ps,Default Response Set,Anonymous,,,130.64.25.59,0,2016-03-01 18:57:49,2016-03-01 19:01:23,1,1,1,1,4,1,1,2,4,2,4,3,1,1,2,4,1,42.401901245117,-71.119300842285,-1,
R_27eSt2kFflwTSFl,Default Response Set,Anonymous,,,130.64.25.56,0,2016-03-01 19:08:31,2016-03-01 19:11:21,1,2,1,3,5,3,4,3,1,3,1,3,4,2,3,4,2,42.401901245117,-71.119300842285,-1,
R_2xJFEHC4JwURprE,Default Response Set,Anonymous,,,96.236.55.47,0,2016-03-01 19:13:57,2016-03-01 19:16:48,1,1,2,2,3,2,4,2,4,3,4,3,2,2,3,3,2,42.85710144043,-73.799301147461,-1,
R_3GvREFnEqGuK3mT,Default Response Set,Anonymous,,,130.64.129.68,0,2016-03-01 19:17:39,2016-03-01 19:19:26,1,1,1,2,3,2,5,2,3,1,5,1,1,1,1,2,3,42.401901245117,-71.119300842285,-1,
R_YRiqQX56Jy4cyop,Default Response Set,Anonymous,,,130.64.133.145,0,2016-03-01 19:24:39,2016-03-01 19:26:38,1,2,1,1,3,3,4,4,3,1,5,1,1,1,3,3,2,42.401901245117,-71.119300842285,-1,
R_3fxwlZzU2hUQms0,Default Response Set,Anonymous,,,166.172.62.12,0,2016-03-01 19:43:54,2016-03-01 19:45:49,1,1,1,2,1,1,5,4,5,1,5,2,1,1,5,5,1,40.849899291992,-73.876899719238,-1,
R_2xY77FSllaIawsw,Default Response Set,Anonymous,,,130.64.92.214,0,2016-03-01 19:57:12,2016-03-01 19:58:54,1,1,1,1,4,1,5,1,4,1,5,2,1,1,2,3,2,42.401901245117,-71.119300842285,-1,
R_pAxNU0NPNcuaWaJ,Default Response Set,Anonymous,,,192.76.8.39,0,2016-03-01 20:00:50,2016-03-01 20:02:45,1,2,1,3,3,4,2,2,2,1,4,2,2,1,4,4,2,51.75,-1.25,-1,
R_2bV1n2SvzQQW2g6,Default Response Set,Anonymous,,,130.64.25.58,0,2016-03-01 20:02:07,2016-03-01 20:05:25,1,2,2,3,4,1,3,2,5,1,3,2,1,2,4,4,2,42.401901245117,-71.119300842285,-1,
R_31RF8AeziLs6E2w,Default Response Set,Anonymous,,,130.64.187.62,0,2016-03-01 20:05:23,2016-03-01 20:07:08,1,3,1,5,5,3,1,4,2,1,1,3,3,1,3,3,1,42.401901245117,-71.119300842285,-1,
R_x9gRgQaLCy6nnmV,Default Response Set,Anonymous,,,130.64.161.204,0,2016-03-01 20:05:19,2016-03-01 20:07:29,1,1,1,1,2,,,,,1,3,1,1,,4,,2,42.401901245117,-71.119300842285,-1,
R_2azZm9EeOOyf78h,Default Response Set,Anonymous,,,130.64.34.215,0,2016-03-01 20:01:09,2016-03-01 20:08:49,1,1,1,1,1,3,4,2,3,1,4,1,1,1,5,4,1,42.401901245117,-71.119300842285,-1,
R_2ab2zZqwiAw868k,Default Response Set,Anonymous,,,130.64.25.61,0,2016-03-01 20:03:56,2016-03-01 20:09:25,1,2,2,1,3,4,3,2,2,4,4,3,2,1,3,3,3,42.401901245117,-71.119300842285,-1,
R_2YKB0jO1lNa4Xhc,Default Response Set,Anonymous,,,130.64.94.48,0,2016-03-01 20:08:05,2016-03-01 20:09:29,1,1,1,2,2,1,3,3,3,1,5,1,1,1,3,3,1,42.401901245117,-71.119300842285,-1,
R_3eav8A8Vm65edE1,Default Response Set,Anonymous,,,130.64.25.57,0,2016-03-01 20:08:50,2016-03-01 20:10:27,1,1,1,2,3,2,5,2,4,2,5,2,1,1,5,5,2,42.401901245117,-71.119300842285,-1,
R_3kjMb1d2ce8XOXQ,Default Response Set,Anonymous,,,130.64.25.58,0,2016-03-01 20:04:16,2016-03-01 20:10:38,1,2,1,1,2,2,4,3,3,2,4,2,1,2,4,3,2,42.401901245117,-71.119300842285,-1,
R_3O2G1bndSd6Cu9W,Default Response Set,Anonymous,,,24.61.11.172,0,2016-03-01 20:07:23,2016-03-01 20:11:01,1,2,2,2,2,4,4,4,3,5,1,3,2,1,5,5,3,42.364593505859,-71.102798461914,-1,
R_3QSCZawmoDFfuGx,Default Response Set,Anonymous,,,130.64.98.92,0,2016-03-01 20:08:07,2016-03-01 20:11:04,1,3,1,1,4,2,2,2,1,1,3,3,1,2,4,3,5,42.401901245117,-71.119300842285,-1,
R_10C9UDwvRDEU6AO,Default Response Set,Anonymous,,,130.64.25.60,0,2016-03-01 20:11:38,2016-03-01 20:13:33,1,1,1,1,3,3,1,4,3,1,3,1,1,1,3,3,1,42.401901245117,-71.119300842285,-1,
R_28MOxk2rPjDCYGs,Default Response Set,Anonymous,,,130.64.154.19,0,2016-03-01 20:09:38,2016-03-01 20:16:06,1,2,1,2,2,1,4,2,4,1,3,4,2,1,2,3,2,42.401901245117,-71.119300842285,-1,
R_31FpieLVlm3gaIq,Default Response Set,Anonymous,,,130.64.223.208,0,2016-03-01 20:14:05,2016-03-01 20:16:23,1,2,2,2,2,4,4,3,2,1,5,2,2,2,4,3,2,42.401901245117,-71.119300842285,-1,
R_2f7JUTEhCgUNTcE,Default Response Set,Anonymous,,,130.64.25.56,0,2016-03-01 20:16:15,2016-03-01 20:19:47,1,2,1,2,2,3,3,3,3,2,2,2,1,1,4,3,1,42.401901245117,-71.119300842285,-1,
R_1IjgMOHVxRm83Dd,Default Response Set,Anonymous,,,130.64.136.30,0,2016-03-01 20:18:51,2016-03-01 20:21:11,1,1,1,2,1,3,4,2,4,1,4,2,1,1,4,3,1,42.401901245117,-71.119300842285,-1,
R_2OJwTsSa6NpKNDl,Default Response Set,Anonymous,,,130.64.25.61,0,2016-03-01 20:20:20,2016-03-01 20:22:17,1,3,2,2,3,3,3,3,3,2,3,3,2,2,1,3,3,42.401901245117,-71.119300842285,-1,
R_cwlM9anOgepkVWN,Default Response Set,Anonymous,,,130.64.135.212,0,2016-03-01 20:21:37,2016-03-01 20:23:20,1,2,1,4,3,2,4,1,2,1,3,3,2,1,5,4,5,42.401901245117,-71.119300842285,-1,
R_Qo9cFFhJS2JwkLf,Default Response Set,Anonymous,,,130.64.25.56,0,2016-03-01 20:05:22,2016-03-01 20:23:22,1,2,1,3,3,2,3,2,4,1,4,3,2,1,3,3,2,42.401901245117,-71.119300842285,-1,
R_9TZhCfRxY64IqSR,Default Response Set,Anonymous,,,98.216.102.242,0,2016-03-01 20:26:13,2016-03-01 20:28:11,1,3,2,3,5,3,4,3,2,2,2,4,2,2,4,4,4,42.424697875977,-71.111198425293,-1,
R_x4QWJqLoJgIYbRL,Default Response Set,Anonymous,,,130.64.194.215,0,2016-03-01 20:01:51,2016-03-01 20:28:18,1,1,1,1,4,4,5,3,4,1,5,3,2,1,1,5,2,42.401901245117,-71.119300842285,-1,
R_8qepTxaRcMLYJgJ,Default Response Set,Anonymous,,,130.64.195.37,0,2016-03-01 20:27:49,2016-03-01 20:30:28,1,2,1,2,3,2,4,2,2,1,2,2,1,1,2,3,3,42.401901245117,-71.119300842285,-1,
R_zew1OEyxovGYFu9,Default Response Set,Anonymous,,,38.122.127.226,0,2016-03-01 20:24:49,2016-03-01 20:31:08,1,2,3,2,5,1,4,2,3,1,4,2,1,1,4,3,1,42.361602783203,-71.067398071289,-1,
R_1CrUBRaikVPP8MM,Default Response Set,Anonymous,,,71.192.154.209,0,2016-03-01 20:29:18,2016-03-01 20:31:49,1,1,1,1,2,2,3,3,3,1,3,1,2,1,3,3,2,42.428100585938,-71.05460357666,-1,
R_10YkJEkkccRKQhy,Default Response Set,Anonymous,,,130.64.25.57,0,2016-03-01 20:30:00,2016-03-01 20:32:30,1,2,1,2,3,3,,,,1,4,2,1,1,3,3,1,42.401901245117,-71.119300842285,-1,
R_3kwf2C5mz7hDMe8,Default Response Set,Anonymous,,,130.64.95.85,0,2016-03-01 20:22:57,2016-03-01 20:32:43,1,2,1,2,1,3,4,3,2,2,1,3,2,2,3,3,3,42.401901245117,-71.119300842285,-1,
R_9YnWDz6V7TOtPot,Default Response Set,Anonymous,,,130.64.157.165,0,2016-03-01 20:32:32,2016-03-01 20:36:46,1,2,1,3,1,3,3,3,3,3,4,2,1,1,4,3,2,42.401901245117,-71.119300842285,-1,
R_3O7AifzkGKuCtlI,Default Response Set,Anonymous,,,130.64.193.154,0,2016-03-01 20:37:03,2016-03-01 20:40:42,1,2,1,3,2,4,4,3,3,1,2,3,2,2,4,3,2,42.401901245117,-71.119300842285,-1,
R_9RyII4r3UeRITnP,Default Response Set,Anonymous,,,108.53.76.93,0,2016-03-01 20:38:33,2016-03-01 20:40:46,1,1,2,1,3,1,5,3,5,1,3,2,2,1,2,3,2,40.503204345703,-74.428901672363,-1,
R_3QSiWO2nXVnUPSz,Default Response Set,Anonymous,,,66.30.112.226,0,2016-03-01 20:39:34,2016-03-01 20:41:36,1,2,2,4,2,2,2,4,3,1,2,2,2,2,4,4,3,42.401901245117,-71.119300842285,-1,
R_12f3AKIXM8JeqVF,Default Response Set,Anonymous,,,130.64.25.58,0,2016-03-01 20:41:39,2016-03-01 20:44:09,1,2,2,2,4,2,4,2,3,1,5,3,1,2,2,4,3,42.401901245117,-71.119300842285,-1,
R_QaYDYOjx7bJ6geJ,Default Response Set,Anonymous,,,130.64.92.62,0,2016-03-01 20:42:36,2016-03-01 20:45:41,1,1,2,3,4,1,3,2,2,1,1,4,1,2,5,5,4,42.401901245117,-71.119300842285,-1,
R_9TSBHSZqQ5H85Tr,Default Response Set,Anonymous,,,130.64.25.58,0,2016-03-01 20:44:21,2016-03-01 20:46:29,1,1,1,1,2,1,4,2,3,2,5,1,1,1,3,3,2,42.401901245117,-71.119300842285,-1,
R_25L8EAHvcLdVzgX,Default Response Set,Anonymous,,,130.64.25.56,0,2016-03-01 20:45:17,2016-03-01 20:47:21,1,1,1,3,4,4,5,2,2,1,3,3,1,2,3,3,3,42.401901245117,-71.119300842285,-1,
R_DnKNMj9x1ZZ5f1f,Default Response Set,Anonymous,,,130.64.178.15,0,2016-03-01 20:48:19,2016-03-01 20:49:52,1,3,1,2,3,3,4,2,3,1,3,2,1,1,3,3,1,42.401901245117,-71.119300842285,-1,
R_3lELfQpIbn8MW6A,Default Response Set,Anonymous,,,130.64.25.63,0,2016-03-01 20:47:28,2016-03-01 20:50:10,1,2,2,2,4,2,5,2,3,3,4,3,2,2,3,3,2,42.401901245117,-71.119300842285,-1,
R_tVyyVNXCzXZ8Knn,Default Response Set,Anonymous,,,130.64.25.63,0,2016-03-01 20:43:01,2016-03-01 20:50:22,1,2,2,1,4,2,5,2,3,1,2,2,3,1,5,3,1,42.401901245117,-71.119300842285,-1,
R_3gRejHkshKIXrDy,Default Response Set,Anonymous,,,209.6.42.187,0,2016-03-01 20:49:58,2016-03-01 20:51:48,1,2,2,3,5,2,5,2,2,2,3,1,2,2,2,3,4,42.401901245117,-71.119300842285,-1,
R_Dx8xGNGPHtPlbJn,Default Response Set,Anonymous,,,130.64.159.233,0,2016-03-01 20:49:46,2016-03-01 20:53:10,1,1,1,2,1,4,4,5,3,1,2,1,1,1,5,3,1,42.401901245117,-71.119300842285,-1,
R_O0DWwsQVEcu66TT,Default Response Set,Anonymous,,,130.64.25.59,0,2016-03-01 20:52:19,2016-03-01 20:53:57,1,1,1,1,2,1,4,3,5,3,4,1,1,1,5,5,1,42.401901245117,-71.119300842285,-1,
R_7TGX0DLtG6adJO9,Default Response Set,Anonymous,,,73.219.226.191,0,2016-03-01 20:47:32,2016-03-01 20:54:08,1,2,2,3,3,1,5,3,3,1,4,2,2,1,4,3,5,42.428100585938,-71.05460357666,-1,
R_3kp0YwUqagMSfYL,Default Response Set,Anonymous,,,130.64.25.56,0,2016-03-01 20:52:36,2016-03-01 20:54:29,1,2,1,1,1,3,5,2,3,1,3,1,1,1,3,3,1,42.401901245117,-71.119300842285,-1,
R_Y69HKQbnEot0n6N,Default Response Set,Anonymous,,,130.64.25.63,0,2016-03-01 20:52:42,2016-03-01 20:55:10,1,1,1,2,2,1,5,3,2,1,5,2,1,1,4,4,1,42.401901245117,-71.119300842285,-1,
R_1FJa7d00NuiUDkZ,Default Response Set,Anonymous,,,130.64.159.132,0,2016-03-01 20:53:17,2016-03-01 20:55:36,1,2,3,4,4,4,4,5,2,1,2,2,2,2,1,1,5,42.401901245117,-71.119300842285,-1,
R_3p53ChfeZmKTjSu,Default Response Set,Anonymous,,,73.219.226.191,0,2016-03-01 20:54:31,2016-03-01 20:56:02,1,1,1,1,3,1,5,1,5,3,5,1,1,1,3,3,3,42.428100585938,-71.05460357666,-1,
R_2QJS4cUpu2KXMl4,Default Response Set,Anonymous,,,130.64.25.61,0,2016-03-01 20:53:23,2016-03-01 20:56:25,1,2,2,3,2,2,3,4,3,2,3,2,2,1,2,2,2,42.401901245117,-71.119300842285,-1,
R_2CleT70eqZMmcnr,Default Response Set,Anonymous,,,107.107.59.213,0,2016-03-01 20:49:10,2016-03-01 20:56:55,1,2,1,1,3,2,5,3,4,3,4,2,1,1,4,5,1,40.650100708008,-73.949600219727,-1,
R_1HULWsSIat90rHb,Default Response Set,Anonymous,,,130.64.25.60,0,2016-03-01 20:57:09,2016-03-01 20:58:53,1,1,1,2,1,2,3,3,3,1,3,1,1,1,5,4,2,42.401901245117,-71.119300842285,-1,
R_2ckEY5OtFtVd1S0,Default Response Set,Anonymous,,,130.64.195.14,0,2016-03-01 20:57:59,2016-03-01 21:01:37,1,1,1,1,2,1,5,2,3,1,5,2,1,1,4,4,4,42.401901245117,-71.119300842285,-1,
R_3mePGrQ7Kf6XUhc,Default Response Set,Anonymous,,,38.122.127.226,0,2016-03-01 20:57:56,2016-03-01 21:02:24,1,3,1,4,3,1,4,2,3,,5,2,2,1,4,4,4,42.361602783203,-71.067398071289,-1,
R_3PsZN2VIWGVyRaC,Default Response Set,Anonymous,,,130.64.96.196,0,2016-03-01 21:02:32,2016-03-01 21:07:11,1,1,1,1,3,1,5,2,5,2,5,1,1,1,4,4,1,42.401901245117,-71.119300842285,-1,
R_28zZ2TqUFqdHzxQ,Default Response Set,Anonymous,,,107.191.33.6,0,2016-03-01 17:34:24,2016-03-01 21:08:02,1,1,1,1,4,1,5,2,5,1,5,2,1,1,4,4,2,40.416900634766,-74.25789642334,-1,
R_bPdGkMUwvcaxEEF,Default Response Set,Anonymous,,,130.64.179.35,0,2016-03-01 21:09:42,2016-03-01 21:11:02,1,1,1,2,1,2,5,3,3,1,5,1,2,1,4,3,1,42.401901245117,-71.119300842285,-1,
R_3rTFkzMyYVRnD61,Default Response Set,Anonymous,,,98.216.247.246,0,2016-03-01 21:09:54,2016-03-01 21:11:57,1,2,1,3,2,1,3,3,3,2,4,2,1,1,1,1,1,42.406295776367,-71.051200866699,-1,
R_22FwyUKgQHbZ8ZP,Default Response Set,Anonymous,,,73.149.187.236,0,2016-03-01 21:13:23,2016-03-01 21:16:28,1,2,1,2,4,2,5,2,3,1,4,1,1,1,3,5,2,42.424697875977,-71.111198425293,-1,
R_27vS1z76MqIuBIE,Default Response Set,Anonymous,,,130.64.160.167,0,2016-03-01 21:14:44,2016-03-01 21:16:37,1,1,1,2,2,2,4,3,3,1,5,1,1,1,4,3,2,42.401901245117,-71.119300842285,-1,
R_2WPu8Ydv70zz0i7,Default Response Set,Anonymous,,,130.64.149.16,0,2016-03-01 21:18:34,2016-03-01 21:20:15,1,1,1,1,1,3,4,3,3,1,5,2,1,1,4,3,2,42.401901245117,-71.119300842285,-1,
R_XAPkLehT0mPQpLX,Default Response Set,Anonymous,,,130.64.133.121,0,2016-03-01 20:40:52,2016-03-01 21:20:58,1,2,1,2,1,2,3,2,3,1,3,1,1,1,3,3,1,42.401901245117,-71.119300842285,-1,
R_2zd2tCm705p6odK,Default Response Set,Anonymous,,,130.64.25.61,0,2016-03-01 21:12:43,2016-03-01 21:25:11,1,1,1,1,1,1,5,2,5,1,5,1,1,1,5,4,1,42.401901245117,-71.119300842285,-1,
R_29jkx1WhYBUbMsH,Default Response Set,Anonymous,,,130.64.25.61,0,2016-03-01 21:17:08,2016-03-01 21:26:56,1,1,1,2,2,3,5,2,4,1,5,1,1,1,2,5,1,42.401901245117,-71.119300842285,-1,
R_3gYMTiXMPLbYyQs,Default Response Set,Anonymous,,,130.64.25.63,0,2016-03-01 21:24:45,2016-03-01 21:27:00,1,1,1,2,3,1,4,2,1,1,5,2,1,1,2,3,3,42.401901245117,-71.119300842285,-1,
R_1H8dkAwCYjtJoQu,Default Response Set,Anonymous,,,130.64.25.63,0,2016-03-01 21:25:36,2016-03-01 21:27:11,1,1,1,2,3,2,4,1,3,2,4,2,1,1,2,4,2,42.401901245117,-71.119300842285,-1,
R_10o3UNAPGxK6qXK,Default Response Set,Anonymous,,,73.142.121.154,0,2016-03-01 20:04:29,2016-03-01 21:28:55,1,3,1,2,3,2,5,2,5,1,5,2,1,1,4,5,1,42.399703979492,-71.031600952148,-1,
R_3Hqvq1i932BcsW4,Default Response Set,Anonymous,,,173.76.191.233,0,2016-03-01 21:28:47,2016-03-01 21:32:13,1,4,3,1,5,4,5,4,2,2,2,3,2,3,2,4,4,42.457397460938,-71.054000854492,-1,
R_UEX6XwYSM3rlgqt,Default Response Set,Anonymous,,,130.64.25.60,0,2016-03-01 21:29:34,2016-03-01 21:33:33,1,3,3,4,5,3,2,3,3,3,2,3,2,3,2,3,4,42.401901245117,-71.119300842285,-1,
R_30nSAdbMJvUcH1M,Default Response Set,Anonymous,,,130.64.133.161,0,2016-03-01 21:30:15,2016-03-01 21:33:36,1,2,2,2,2,3,4,2,3,1,3,2,2,1,4,3,2,42.401901245117,-71.119300842285,-1,
R_3kKZXzJc5QboIEL,Default Response Set,Anonymous,,,96.230.12.215,0,2016-03-01 21:42:02,2016-03-01 21:43:54,1,1,1,1,3,2,3,2,3,1,5,1,1,1,5,3,3,42.428100585938,-71.05460357666,-1,
R_2E3KS1SHFNj9sf8,Default Response Set,Anonymous,,,130.64.147.51,0,2016-03-01 21:47:42,2016-03-01 21:51:38,1,1,1,3,1,1,5,3,3,3,5,2,1,1,3,3,3,42.401901245117,-71.119300842285,-1,
R_2uvWLWbQupj63yQ,Default Response Set,Anonymous,,,130.64.25.59,0,2016-03-01 21:44:14,2016-03-01 21:52:15,1,1,1,2,1,1,4,2,4,1,2,1,1,1,4,4,1,42.401901245117,-71.119300842285,-1,
R_1OIV4fU1T94R5vi,Default Response Set,Anonymous,,,96.237.138.174,0,2016-03-01 21:54:03,2016-03-01 21:57:00,1,1,1,2,2,1,4,3,3,1,5,1,1,2,5,3,2,42.424697875977,-71.111198425293,-1,
R_vizDqCIjgmOJvCF,Default Response Set,Anonymous,,,130.64.95.236,0,2016-03-01 22:04:12,2016-03-01 22:06:39,1,2,1,2,3,3,5,2,3,1,3,1,1,3,5,3,2,42.401901245117,-71.119300842285,-1,
R_2bTRv02oNHvvj0H,Default Response Set,Anonymous,,,130.64.25.63,0,2016-03-01 22:06:06,2016-03-01 22:09:40,1,1,1,1,3,1,4,2,4,1,5,2,1,1,3,4,2,42.401901245117,-71.119300842285,-1,
R_3qVjZqqbb00FtM1,Default Response Set,Anonymous,,,209.6.42.187,0,2016-03-01 22:19:49,2016-03-01 22:22:07,1,2,1,2,3,3,4,3,3,2,2,2,1,2,3,3,3,42.401901245117,-71.119300842285,-1,
R_2dMkACegW4NWO7h,Default Response Set,Anonymous,,,130.64.25.58,0,2016-03-01 22:26:05,2016-03-01 22:29:23,1,1,1,1,2,3,4,4,3,1,5,3,2,1,2,2,1,42.401901245117,-71.119300842285,-1,
R_qVqLj7LcvSctd5f,Default Response Set,Anonymous,,,130.64.184.143,0,2016-03-01 22:27:15,2016-03-01 22:30:15,1,2,1,2,2,1,1,2,3,1,4,1,1,1,3,4,2,42.401901245117,-71.119300842285,-1,
R_2RXnd1svHVTBbb9,Default Response Set,Anonymous,,,130.64.25.60,0,2016-03-01 22:17:13,2016-03-01 22:33:58,1,2,3,5,2,3,3,4,3,1,2,4,4,2,3,3,4,42.401901245117,-71.119300842285,-1,
R_1irjHQmBW6y3A5N,Default Response Set,Anonymous,,,209.6.42.187,0,2016-03-01 22:38:15,2016-03-01 22:40:13,1,1,1,1,1,1,5,2,4,1,5,2,1,1,3,4,2,42.401901245117,-71.119300842285,-1,
R_111M2jXzgqIuxDf,Default Response Set,Anonymous,,,130.64.25.58,0,2016-03-01 22:41:01,2016-03-01 22:46:23,1,2,2,3,4,4,2,2,3,1,1,2,3,1,2,2,2,42.401901245117,-71.119300842285,-1,
R_31RcjDDKO7Q06n7,Default Response Set,Anonymous,,,130.64.178.246,0,2016-03-01 22:46:48,2016-03-01 22:52:29,1,1,1,2,3,3,4,3,3,1,5,2,1,1,3,3,2,42.401901245117,-71.119300842285,-1,
R_2VsCwME6ML8c3Ux,Default Response Set,Anonymous,,,130.64.25.58,0,2016-03-01 22:46:26,2016-03-01 23:02:30,1,4,2,5,5,2,4,5,4,4,1,4,4,2,4,2,4,42.401901245117,-71.119300842285,-1,
R_ePVxwWPGC4Uf80F,Default Response Set,Anonymous,,,166.172.60.55,0,2016-03-01 23:10:33,2016-03-01 23:13:22,1,2,2,2,2,3,3,4,4,2,3,3,2,2,4,3,2,40.714294433594,-74.005996704102,-1,
R_1P1rrlGLGqfR2uR,Default Response Set,Anonymous,,,50.169.37.133,0,2016-03-01 23:14:18,2016-03-01 23:17:23,1,4,1,3,4,2,2,3,3,1,2,3,3,2,1,2,3,42.406295776367,-71.051200866699,-1,
R_2awUhDG7HWZbDU6,Default Response Set,Anonymous,,,130.64.25.63,0,2016-03-01 23:16:13,2016-03-01 23:18:31,1,2,1,3,2,4,4,3,5,5,4,2,1,1,4,4,1,42.401901245117,-71.119300842285,-1,
R_1JVj9du1kfPuhFs,Default Response Set,Anonymous,,,73.219.226.191,0,2016-03-01 20:57:21,2016-03-01 23:28:03,1,3,2,3,3,2,4,2,2,1,4,2,2,3,3,4,4,42.428100585938,-71.05460357666,-1,
R_3Jr5l10ZQTcVuL7,Default Response Set,Anonymous,,,130.64.93.227,0,2016-03-01 23:29:07,2016-03-01 23:31:34,1,2,1,2,3,3,3,3,3,1,3,2,2,2,5,3,3,42.401901245117,-71.119300842285,-1,
R_3hcJcGP3s7JWRS1,Default Response Set,Anonymous,,,130.64.25.63,0,2016-03-01 22:01:29,2016-03-01 23:34:10,1,3,1,3,4,3,3,3,5,2,2,5,3,1,3,5,1,42.401901245117,-71.119300842285,-1,
R_CeIX50G1bhf9vgJ,Default Response Set,Anonymous,,,130.64.187.126,0,2016-03-01 23:36:07,2016-03-01 23:38:54,1,1,1,2,3,3,4,3,3,1,3,2,2,1,3,3,2,42.401901245117,-71.119300842285,-1,
R_8wTSsSjcU7fJ1nD,Default Response Set,Anonymous,,,189.236.243.48,0,2016-03-01 23:35:06,2016-03-01 23:41:48,1,1,1,1,1,1,5,3,5,1,5,1,1,1,3,3,1,16.75,-93.11669921875,-1,
R_3KYGnPtXonBEFMx,Default Response Set,Anonymous,,,130.64.145.90,0,2016-03-01 23:44:50,2016-03-01 23:46:21,1,5,1,1,5,5,4,4,1,1,5,5,3,4,1,3,5,42.401901245117,-71.119300842285,-1,
R_1CinR5vXlnm088l,Default Response Set,Anonymous,,,130.64.186.219,0,2016-03-01 23:42:33,2016-03-01 23:46:32,1,1,1,3,3,3,4,2,2,1,5,1,1,1,2,4,3,42.401901245117,-71.119300842285,-1,
R_1g7uqP98b26T9iH,Default Response Set,Anonymous,,,73.149.188.114,0,2016-03-01 23:31:38,2016-03-01 23:55:05,1,1,1,2,1,2,5,2,2,1,4,1,1,1,4,4,2,42.424697875977,-71.111198425293,-1,
R_2YRN9WarnTXQAxw,Default Response Set,Anonymous,,,130.64.25.59,0,2016-03-01 23:56:55,2016-03-01 23:59:54,1,3,1,1,3,3,3,3,3,1,3,3,3,1,3,3,1,42.401901245117,-71.119300842285,-1,
R_3D6zqy31E7pZTEF,Default Response Set,Anonymous,,,130.64.196.15,0,2016-03-02 00:04:34,2016-03-02 00:06:48,1,5,2,4,5,4,2,4,2,2,2,5,2,2,1,5,5,42.401901245117,-71.119300842285,-1,
R_Rn8n2eDn3X77sQN,Default Response Set,Anonymous,,,209.6.46.51,0,2016-03-02 00:04:33,2016-03-02 00:06:56,1,2,1,2,3,2,4,3,3,2,4,3,1,1,3,4,1,42.401901245117,-71.119300842285,-1,
R_1hzk5up8EhdgVRj,Default Response Set,Anonymous,,,70.192.37.33,0,2016-03-02 00:10:42,2016-03-02 00:15:11,1,1,1,2,1,1,5,1,5,1,5,1,1,1,4,4,2,42.436492919922,-70.934303283691,-1,
R_33CJyWjMM98Sf94,Default Response Set,Anonymous,,,73.38.249.192,0,2016-03-01 23:40:01,2016-03-02 00:16:43,1,1,1,2,3,2,3,2,3,1,4,1,2,1,3,3,1,42.380004882812,-71.13289642334,-1,
R_1lxEjexuAHTF1qm,Default Response Set,Anonymous,,,98.216.245.81,0,2016-03-02 00:16:05,2016-03-02 00:18:28,1,1,1,2,3,2,5,2,2,2,4,2,1,1,4,4,2,42.406295776367,-71.051200866699,-1,
R_2Ez5p5zJQkYl5c1,Default Response Set,Anonymous,,,72.74.165.47,0,2016-03-02 00:23:52,2016-03-02 00:25:25,1,1,1,2,3,1,5,4,5,1,5,4,1,1,4,4,1,42.428100585938,-71.05460357666,-1,
R_1lbLwM24a6oCz7q,Default Response Set,Anonymous,,,130.64.193.131,0,2016-03-02 00:22:34,2016-03-02 00:27:06,1,1,1,1,1,3,5,3,3,1,5,1,1,2,4,4,2,42.401901245117,-71.119300842285,-1,
R_1OpNsjbokmQdUJT,Default Response Set,Anonymous,,,130.64.25.63,0,2016-03-02 00:26:42,2016-03-02 00:28:44,1,2,2,2,3,5,5,1,3,2,5,3,1,2,2,3,3,42.401901245117,-71.119300842285,-1,
R_26hchL9AlFmq0jC,Default Response Set,Anonymous,,,73.249.134.223,0,2016-03-02 00:05:27,2016-03-02 00:29:11,1,2,1,1,3,2,5,2,3,1,5,1,1,1,4,4,1,42.369995117188,-71.081199645996,-1,
R_21dBwJjwAA0S9LX,Default Response Set,Anonymous,,,130.64.96.229,0,2016-03-02 00:18:15,2016-03-02 00:33:06,1,5,4,4,5,5,3,5,4,5,3,5,5,4,1,3,5,42.401901245117,-71.119300842285,-1,
R_2ZBMth5JBV6BxpU,Default Response Set,Anonymous,,,130.64.187.99,0,2016-03-02 00:28:20,2016-03-02 00:33:38,1,2,1,1,1,1,3,2,3,1,4,2,2,1,3,3,3,42.401901245117,-71.119300842285,-1,
R_1H8DgADbHyAyPEn,Default Response Set,Anonymous,,,130.64.25.59,0,2016-03-02 00:33:52,2016-03-02 00:35:39,1,1,1,2,1,3,4,2,1,2,4,1,2,2,2,3,4,42.401901245117,-71.119300842285,-1,
R_323L3sNVltdZnSG,Default Response Set,Anonymous,,,130.64.25.61,0,2016-03-02 00:47:24,2016-03-02 00:50:34,1,3,2,2,3,3,2,3,3,4,2,2,2,2,4,3,3,42.401901245117,-71.119300842285,-1,
R_Xh05ayM1IyutKXn,Default Response Set,Anonymous,,,130.64.92.93,0,2016-03-02 00:50:32,2016-03-02 00:53:31,1,5,1,1,4,5,5,1,2,5,3,3,1,4,4,4,5,42.401901245117,-71.119300842285,-1,
R_3fUAx7fDoAFcUIY,Default Response Set,Anonymous,,,130.64.96.140,0,2016-03-02 01:02:24,2016-03-02 01:06:57,1,1,1,2,,4,4,,,1,,,1,1,3,,2,42.401901245117,-71.119300842285,-1,
R_8voEPbts8dUT4tj,Default Response Set,Anonymous,,,130.64.25.61,0,2016-03-02 01:04:10,2016-03-02 01:06:58,1,2,1,1,2,2,5,1,2,1,5,2,2,1,3,5,2,42.401901245117,-71.119300842285,-1,
R_12o4JnvCgll9xon,Default Response Set,Anonymous,,,130.64.193.26,0,2016-03-01 22:59:25,2016-03-02 01:10:13,1,2,1,1,2,3,2,2,2,1,1,1,1,1,5,4,1,42.401901245117,-71.119300842285,-1,
R_0SZvpyCE24rSO2d,Default Response Set,Anonymous,,,130.64.25.61,0,2016-03-02 01:06:51,2016-03-02 01:10:48,1,5,3,2,5,3,2,5,2,2,1,3,4,1,1,3,5,42.401901245117,-71.119300842285,-1,
R_9Er9RVC3zs5eLoV,Default Response Set,Anonymous,,,73.149.50.55,0,2016-03-02 01:19:11,2016-03-02 01:23:54,1,3,2,2,1,3,4,3,3,1,2,2,2,1,4,4,3,42.428100585938,-71.05460357666,-1,
R_3kivpewikvYBnB3,Default Response Set,Anonymous,,,209.6.41.72,0,2016-03-02 01:25:13,2016-03-02 01:27:23,1,1,1,1,2,2,5,2,3,1,3,2,2,1,4,4,2,42.382797241211,-71.095497131348,-1,
R_1MNayD8AvgiBfL2,Default Response Set,Anonymous,,,62.168.45.38,0,2016-03-02 02:07:37,2016-03-02 02:09:20,1,2,1,2,3,3,5,1,2,2,4,1,1,1,4,4,2,50.083297729492,14.466705322266,-1,
R_3qpKSuzGZ3vgTzJ,Default Response Set,Anonymous,,,90.74.240.4,0,2016-03-02 03:25:40,2016-03-02 03:29:42,1,1,2,3,4,4,5,1,2,2,5,3,1,1,2,3,2,40.588195800781,-3.6988067626953,-1,
R_uaXpGWITHK8udRT,Default Response Set,Anonymous,,,209.6.52.11,0,2016-03-02 08:02:26,2016-03-02 08:05:06,1,1,1,2,2,2,4,2,3,1,4,1,1,1,3,5,3,42.382797241211,-71.095497131348,-1,
R_1CBD210oNcxFJdD,Default Response Set,Anonymous,,,130.64.25.58,0,2016-03-02 08:18:10,2016-03-02 08:20:40,1,2,2,4,4,3,3,3,2,1,3,2,2,1,3,4,3,42.401901245117,-71.119300842285,-1,
R_2yeCxVhQzm2FUtl,Default Response Set,Anonymous,,,98.216.107.95,0,2016-03-02 08:49:26,2016-03-02 08:51:42,1,2,1,2,2,3,5,2,3,1,4,2,1,2,3,3,3,42.380004882812,-71.13289642334,-1,
R_1HdbCa2zYxdgut8,Default Response Set,Anonymous,,,130.64.89.212,0,2016-03-02 08:48:08,2016-03-02 08:53:01,1,1,1,2,2,1,5,3,3,2,5,2,1,1,4,4,2,42.401901245117,-71.119300842285,-1,
R_2D7BU4cfI84ZmRw,Default Response Set,Anonymous,,,130.64.187.144,0,2016-03-02 09:35:41,2016-03-02 09:38:19,1,2,1,1,3,4,5,3,4,1,4,2,1,1,3,3,3,42.401901245117,-71.119300842285,-1,
R_2YDQ5htoPcrUpn0,Default Response Set,Anonymous,,,66.87.124.110,0,2016-03-02 09:41:58,2016-03-02 09:45:40,1,2,1,5,3,2,5,3,3,1,1,1,3,1,3,4,2,42.224395751953,-71.689399719238,-1,
R_2YKb1L9i1PKLZg2,Default Response Set,Anonymous,,,130.64.185.223,0,2016-03-02 10:08:15,2016-03-02 10:11:17,1,3,2,3,3,4,3,4,3,1,2,2,2,3,5,3,4,42.401901245117,-71.119300842285,-1,
R_QoWTR52OZpRqGBj,Default Response Set,Anonymous,,,130.64.25.60,0,2016-03-02 10:10:11,2016-03-02 10:12:24,1,1,1,1,1,1,5,2,4,1,5,1,1,2,5,5,1,42.401901245117,-71.119300842285,-1,
R_1LpyWVmFjUHacwa,Default Response Set,Anonymous,,,130.64.186.61,0,2016-03-02 10:20:25,2016-03-02 10:25:33,1,2,2,3,4,1,4,2,4,2,4,1,2,1,3,5,3,,,-1,
R_3qvEEGXX7AtRcKF,Default Response Set,Anonymous,,,92.253.85.199,0,2016-03-02 10:24:45,2016-03-02 10:27:44,1,2,1,2,4,3,4,1,3,2,4,2,1,1,3,4,2,31.949996948242,35.933303833008,-1,
R_1iaHa8zSWaRJH4E,Default Response Set,Anonymous,,,130.64.25.58,0,2016-03-02 10:27:03,2016-03-02 10:29:39,1,2,2,3,2,3,3,2,2,2,3,3,2,2,3,3,2,42.401901245117,-71.119300842285,-1,
R_1meEcnqEZykKAtH,Default Response Set,Anonymous,,,130.64.25.56,0,2016-03-02 10:35:26,2016-03-02 10:38:42,1,3,1,3,3,2,5,2,4,2,4,3,2,1,4,5,1,42.401901245117,-71.119300842285,-1,
R_9StP8Gw1HIlC3e1,Default Response Set,Anonymous,,,107.107.59.58,0,2016-03-02 10:37:00,2016-03-02 10:38:53,1,5,3,2,5,3,2,3,3,5,1,5,5,1,5,5,3,40.650100708008,-73.949600219727,-1,
R_2yjvOJMgQHajJE1,Default Response Set,Anonymous,,,130.64.25.58,0,2016-03-02 10:24:44,2016-03-02 10:43:42,1,4,1,1,1,4,2,4,1,3,4,1,1,3,5,4,2,42.401901245117,-71.119300842285,-1,
R_2VxpCN1PWAJK5JX,Default Response Set,Anonymous,,,130.64.184.156,0,2016-03-02 11:02:16,2016-03-02 11:04:37,1,4,2,2,3,2,4,4,1,2,3,3,3,2,2,4,4,42.401901245117,-71.119300842285,-1,
R_sRwxY5bH8u8lONj,Default Response Set,Anonymous,,,130.64.25.57,0,2016-03-02 11:11:37,2016-03-02 11:15:09,1,2,1,3,4,4,5,2,1,1,5,4,1,1,2,2,2,42.401901245117,-71.119300842285,-1,
R_3QJJdBI5s1Sn1hK,Default Response Set,Anonymous,,,24.61.14.78,0,2016-03-02 11:16:00,2016-03-02 11:17:39,1,1,1,1,2,3,4,3,3,1,3,2,1,1,3,3,2,,,-1,
R_2E04vOGWogQ1JR9,Default Response Set,Anonymous,,,72.70.45.254,0,2016-03-02 11:41:10,2016-03-02 11:47:12,1,4,3,2,5,5,4,3,2,4,3,4,2,3,4,4,5,42.424697875977,-71.111198425293,-1,
R_0vK1wjQg535kvT7,Default Response Set,Anonymous,,,130.64.25.62,0,2016-03-02 11:44:23,2016-03-02 11:48:27,1,2,1,1,4,2,2,1,1,1,2,1,1,1,1,3,4,42.401901245117,-71.119300842285,-1,
R_1hyF5VEC0QRbKKc,Default Response Set,Anonymous,,,130.64.160.12,0,2016-03-02 12:31:25,2016-03-02 12:34:08,1,1,1,1,1,3,2,2,1,1,3,4,1,1,4,5,2,42.401901245117,-71.119300842285,-1,
R_1KkDyoKRYmgHcq0,Default Response Set,Anonymous,,,130.132.173.161,0,2016-03-02 12:33:11,2016-03-02 12:35:21,1,4,5,5,5,3,4,3,3,4,4,5,4,2,2,2,5,41.30940246582,-72.924003601074,-1,
R_1MQjgo8yuzq4ngV,Default Response Set,Anonymous,,,71.174.180.52,0,2016-03-02 13:07:05,2016-03-02 13:09:32,1,1,1,1,1,3,4,2,3,1,3,1,1,1,4,3,1,42.334594726562,-71.036201477051,-1,
R_2rpSO5v3AxYfhRh,Default Response Set,Anonymous,,,73.234.173.96,0,2016-03-02 13:12:54,2016-03-02 13:14:43,1,2,1,1,2,3,5,2,3,1,5,2,1,3,4,4,3,42.393096923828,-71.134498596191,-1,
R_cPa2tT4I2D0sZ2x,Default Response Set,Anonymous,,,130.64.25.60,0,2016-03-02 14:33:55,2016-03-02 14:36:16,1,1,1,1,3,2,5,3,3,1,4,2,2,1,4,5,1,42.401901245117,-71.119300842285,-1,
R_11gO4KlP3lkGut7,Default Response Set,Anonymous,,,130.64.137.234,0,2016-03-02 14:57:25,2016-03-02 15:00:25,1,2,1,3,2,2,4,3,4,2,3,2,2,2,3,3,3,42.401901245117,-71.119300842285,-1,
R_31ReY2lVkiLzeW4,Default Response Set,Anonymous,,,166.172.60.41,0,2016-03-02 15:31:24,2016-03-02 15:33:05,1,4,2,2,5,3,3,5,5,5,1,4,4,2,3,4,3,40.714294433594,-74.005996704102,-1,
R_9NMjwlyqOyVMhrP,Default Response Set,Anonymous,,,130.64.34.185,0,2016-03-02 15:38:05,2016-03-02 15:39:27,1,2,4,4,4,2,4,4,4,4,1,4,4,2,4,2,5,42.401901245117,-71.119300842285,-1,
R_1hFpNJqTac0snow,Default Response Set,Anonymous,,,73.38.1.178,0,2016-03-02 16:43:51,2016-03-02 16:45:58,1,1,1,2,3,3,1,3,3,1,2,3,1,1,3,3,3,42.424697875977,-71.111198425293,-1,
R_3RaMU7S5E1BpUu1,Default Response Set,Anonymous,,,130.64.25.58,0,2016-03-02 17:07:43,2016-03-02 17:10:32,1,1,1,1,1,2,5,3,3,1,4,1,1,1,5,3,1,42.401901245117,-71.119300842285,-1,
R_2rAyyDt5oRudyac,Default Response Set,Anonymous,,,130.64.25.58,0,2016-03-02 17:14:20,2016-03-02 17:17:35,1,3,1,1,2,4,5,2,2,1,3,2,1,1,3,3,2,42.401901245117,-71.119300842285,-1,
R_1IoOXWXlkAbKnzo,Default Response Set,Anonymous,,,130.64.25.57,0,2016-03-02 17:18:15,2016-03-02 17:22:38,1,1,1,2,4,1,4,1,1,2,1,2,2,1,3,3,3,42.401901245117,-71.119300842285,-1,
R_3gSppSRBX0yOjxs,Default Response Set,Anonymous,,,24.60.201.53,0,2016-03-02 17:22:49,2016-03-02 17:31:09,1,1,1,1,3,1,4,2,4,1,4,1,1,2,5,3,1,42.446395874023,-71.459396362305,-1,
R_2bVtnJRcauCvKVl,Default Response Set,Anonymous,,,209.6.93.242,0,2016-03-02 18:01:23,2016-03-02 18:03:46,1,2,2,1,5,3,5,1,1,1,4,3,1,2,3,4,3,42.401901245117,-71.119300842285,-1,
R_3oABpELFEZpjkeT,Default Response Set,Anonymous,,,130.64.196.29,0,2016-03-02 18:17:59,2016-03-02 18:21:49,1,2,1,1,3,2,4,2,4,1,4,2,2,1,4,3,2,42.401901245117,-71.119300842285,-1,
R_3KToD4587UKF6TG,Default Response Set,Anonymous,,,130.64.157.54,0,2016-03-02 18:23:04,2016-03-02 18:26:13,1,3,2,3,5,5,3,4,3,4,4,4,2,2,1,2,2,42.401901245117,-71.119300842285,-1,
R_Z4ZYYAMmwaegq3f,Default Response Set,Anonymous,,,130.64.25.63,0,2016-03-02 18:28:44,2016-03-02 18:31:09,1,2,1,2,3,2,4,3,3,1,4,1,1,1,4,4,1,42.401901245117,-71.119300842285,-1,
R_CkRx89WJC97szhT,Default Response Set,Anonymous,,,130.64.25.60,0,2016-03-02 18:29:26,2016-03-02 18:33:37,1,2,1,2,4,3,3,3,3,1,3,2,1,2,5,3,3,42.401901245117,-71.119300842285,-1,
R_3hs62gEgcgyM4sW,Default Response Set,Anonymous,,,87.222.162.255,0,2016-03-02 18:36:21,2016-03-02 18:38:19,1,2,1,2,3,3,5,3,3,2,4,2,2,2,3,3,2,40.41650390625,-3.7026062011719,-1,
R_1Bp2ErI4M4Zkm9r,Default Response Set,Anonymous,,,130.64.25.57,0,2016-03-02 18:54:41,2016-03-02 18:59:40,1,2,1,2,3,1,3,2,3,1,5,1,1,1,4,4,2,42.401901245117,-71.119300842285,-1,
R_1K8PMwfmkvIjkDk,Default Response Set,Anonymous,,,130.64.96.195,0,2016-03-02 20:48:07,2016-03-02 20:50:12,1,2,1,1,2,4,5,1,1,3,5,2,1,1,3,3,2,42.401901245117,-71.119300842285,-1,
R_yIUnDwMDkwTCjy9,Default Response Set,Anonymous,,,130.64.149.123,0,2016-03-02 20:49:59,2016-03-02 20:52:07,1,1,1,3,1,3,3,3,3,1,5,1,1,1,3,3,2,42.401901245117,-71.119300842285,-1,
R_1pKKm5eMIVNdyCR,Default Response Set,Anonymous,,,166.171.184.60,0,2016-03-02 20:47:45,2016-03-02 20:52:12,1,2,1,2,3,3,3,3,2,2,2,2,2,2,4,4,3,40.727996826172,-73.945297241211,-1,
R_PXplyz8lcwuEOml,Default Response Set,Anonymous,,,130.64.25.58,0,2016-03-02 20:53:00,2016-03-02 20:57:13,1,2,1,3,1,3,4,2,2,1,4,1,1,1,4,5,2,42.401901245117,-71.119300842285,-1,
R_3CzH8gj0lki3m4V,Default Response Set,Anonymous,,,130.64.94.245,0,2016-03-02 21:21:05,2016-03-02 21:24:11,1,2,1,1,1,3,5,3,3,1,5,1,1,2,3,3,2,42.401901245117,-71.119300842285,-1,
R_2chIsdHX8PhoeAx,Default Response Set,Anonymous,,,130.64.160.191,0,2016-03-02 21:34:41,2016-03-02 21:36:22,1,2,2,3,3,2,4,3,3,1,3,3,2,1,3,4,2,42.401901245117,-71.119300842285,-1,
R_2RVzLY6kGP0QOfa,Default Response Set,Anonymous,,,130.64.160.180,0,2016-03-02 22:43:58,2016-03-02 22:45:40,1,2,1,3,4,3,3,3,3,1,2,2,1,1,3,3,1,42.401901245117,-71.119300842285,-1,
R_2tnfHPD9pXkwRub,Default Response Set,Anonymous,,,130.64.25.56,0,2016-03-02 23:09:56,2016-03-02 23:12:24,1,3,2,2,4,4,4,2,2,4,2,4,3,2,3,4,4,42.401901245117,-71.119300842285,-1,
R_21ySbKtCfT1q1iG,Default Response Set,Anonymous,,,130.64.25.62,0,2016-03-02 23:24:45,2016-03-02 23:27:50,1,3,1,2,4,3,4,3,3,2,2,3,2,2,1,3,3,42.401901245117,-71.119300842285,-1,
R_2OGXabf8R2O24Jo,Default Response Set,Anonymous,,,130.64.25.57,0,2016-03-03 00:52:13,2016-03-03 00:55:25,1,5,1,3,5,5,3,5,3,5,1,5,5,3,1,5,3,42.401901245117,-71.119300842285,-1,
R_qWrlMfCFMqfixBT,Default Response Set,Anonymous,,,98.118.100.96,0,2016-03-03 09:06:24,2016-03-03 09:10:38,1,1,1,3,2,2,3,2,1,1,5,2,2,1,3,3,4,42.424697875977,-71.111198425293,-1,
R_vNx3IL3CQF0zkC5,Default Response Set,Anonymous,,,72.70.60.180,0,2016-03-02 18:42:19,2016-03-03 10:37:21,1,2,1,2,4,1,4,2,3,1,5,2,2,2,3,3,3,42.428100585938,-71.05460357666,-1,
R_0Mv5Q5Kx21GB445,Default Response Set,Anonymous,,,50.245.49.81,0,2016-03-03 11:25:27,2016-03-03 11:29:23,1,1,1,1,2,1,5,3,5,1,5,2,2,1,4,3,2,42.349594116211,-71.074600219727,-1,
R_1gIaYHCk9ILEFTQ,Default Response Set,Anonymous,,,71.192.154.127,0,2016-03-03 12:14:58,2016-03-03 12:26:54,1,3,1,1,5,2,4,2,3,1,4,3,2,1,4,4,2,42.424697875977,-71.111198425293,-1,
R_Q6pSufDrt4Oooq5,Default Response Set,Anonymous,,,71.192.154.127,0,2016-03-03 12:27:46,2016-03-03 12:31:12,1,5,3,2,5,4,4,1,1,1,2,5,2,1,1,2,5,42.424697875977,-71.111198425293,-1,
R_3PS097ONzbtjDEJ,Default Response Set,Anonymous,,,130.64.25.60,0,2016-03-03 12:33:37,2016-03-03 12:40:04,1,2,1,2,2,2,3,2,2,2,2,2,2,1,4,4,2,42.401901245117,-71.119300842285,-1,
R_yL3v7B8GWwxloJz,Default Response Set,Anonymous,,,209.6.54.227,0,2016-03-03 12:46:29,2016-03-03 12:48:32,1,1,1,1,4,2,4,2,2,2,2,2,1,1,4,3,3,42.401901245117,-71.119300842285,-1,
R_3noz14h2CAoReAs,Default Response Set,Anonymous,,,130.64.25.61,0,2016-03-03 14:16:10,2016-03-03 14:20:51,1,1,1,1,1,2,4,2,4,1,4,1,1,1,5,5,1,42.401901245117,-71.119300842285,-1,
R_3ezdOig2k11aO0F,Default Response Set,Anonymous,,,130.64.25.59,0,2016-03-03 15:26:53,2016-03-03 15:32:05,1,3,1,1,4,2,3,3,2,1,5,3,1,1,5,4,2,42.401901245117,-71.119300842285,-1,
R_1d46xC08T0XNuEm,Default Response Set,Anonymous,,,130.64.222.100,0,2016-03-03 15:53:23,2016-03-03 16:02:16,1,1,1,1,3,4,5,3,3,1,4,1,1,1,4,3,2,42.401901245117,-71.119300842285,-1,
R_2bUDM13742z3mld,Default Response Set,Anonymous,,,130.64.145.213,0,2016-03-03 21:14:17,2016-03-03 21:16:34,1,5,2,1,5,3,2,5,3,2,2,3,4,3,4,4,3,42.401901245117,-71.119300842285,-1,
R_Y6snmA6KKUKcdWh,Default Response Set,Anonymous,,,70.192.20.246,0,2016-03-03 21:15:01,2016-03-03 21:18:48,1,1,1,2,2,4,5,2,5,1,5,2,1,1,4,4,1,42.347396850586,-71.082801818848,-1,
R_1GHaHFZfFg9aMPc,Default Response Set,Anonymous,,,38.122.127.226,0,2016-03-03 21:35:46,2016-03-03 21:48:08,1,2,1,1,2,1,4,2,2,1,5,3,2,1,1,2,1,42.361602783203,-71.067398071289,-1,
R_1OoFbjnfmhuo5O6,Default Response Set,Anonymous,,,172.58.216.255,0,2016-03-04 00:56:32,2016-03-04 01:03:03,1,1,1,2,1,2,5,1,3,2,3,1,1,3,3,2,4,42.40299987793,-71.259002685547,-1,
R_28M9Yyy7y7P1Bm6,Default Response Set,Anonymous,,,209.6.51.212,0,2016-03-04 09:54:30,2016-03-04 09:56:42,1,2,2,1,4,3,5,3,4,1,3,3,1,2,4,3,3,42.401901245117,-71.119300842285,-1,
R_WqBJcAdqTXOMXCN,Default Response Set,Anonymous,,,130.64.25.63,0,2016-03-04 13:48:33,2016-03-04 13:58:16,1,2,1,5,3,3,4,2,3,2,4,1,2,1,4,5,2,42.401901245117,-71.119300842285,-1,
R_Y04XMr4aII1pZrb,Default Response Set,Anonymous,,,68.198.157.25,0,2016-03-04 15:36:14,2016-03-04 15:38:24,1,2,2,3,2,2,3,2,3,1,2,1,1,1,3,3,1,41.139602661133,-73.405601501465,-1,
R_23e1zc3jQ0l4zeP,Default Response Set,Anonymous,,,130.64.25.60,0,2016-03-04 15:52:24,2016-03-04 15:54:19,1,1,1,3,5,4,5,1,3,2,1,1,1,2,3,3,3,42.401901245117,-71.119300842285,-1,
R_12PzY4Wxqg19ffl,Default Response Set,Anonymous,,,130.64.25.57,0,2016-03-04 15:55:25,2016-03-04 15:58:17,1,4,2,5,3,2,4,2,2,1,3,4,1,2,3,4,1,42.401901245117,-71.119300842285,-1,
R_1NmM4znloRzlJo0,Default Response Set,Anonymous,,,209.6.47.106,0,2016-03-04 15:57:35,2016-03-04 16:00:37,1,1,2,1,4,1,5,1,3,1,5,4,1,1,4,3,2,42.382797241211,-71.095497131348,-1,
R_12hWkMB7CNyDBKX,Default Response Set,Anonymous,,,130.64.25.62,0,2016-03-04 15:59:33,2016-03-04 16:01:53,1,1,1,1,2,1,5,3,3,1,5,1,1,2,5,3,2,42.401901245117,-71.119300842285,-1,
R_1H5cN4AfiZdGa0K,Default Response Set,Anonymous,,,71.192.160.173,0,2016-03-04 16:01:05,2016-03-04 16:02:31,1,1,1,1,1,1,4,2,3,1,4,2,1,4,2,4,1,42.364593505859,-71.102798461914,-1,
R_1ZTEacZoAewD8lj,Default Response Set,Anonymous,,,37.132.41.186,0,2016-03-04 15:58:55,2016-03-04 16:08:04,1,2,3,4,4,3,2,2,3,2,2,3,2,3,3,3,4,40.41650390625,-3.7026062011719,-1,
R_295t3mK2L5kpIri,Default Response Set,Anonymous,,,130.64.129.77,0,2016-03-04 16:01:32,2016-03-04 16:08:43,1,2,1,2,3,2,5,1,3,1,5,2,1,1,4,4,2,42.401901245117,-71.119300842285,-1,
R_3Kq2uHjJ2MGShqq,Default Response Set,Anonymous,,,209.6.47.23,0,2016-03-04 16:07:47,2016-03-04 16:09:22,1,2,1,1,2,5,3,3,3,1,3,2,1,1,3,3,2,42.382797241211,-71.095497131348,-1,
R_1lc3stb1W396MdL,Default Response Set,Anonymous,,,107.107.58.128,0,2016-03-04 16:05:16,2016-03-04 16:09:37,1,1,1,1,2,1,4,3,3,1,4,1,1,1,4,3,1,40.650100708008,-73.949600219727,-1,
R_73NshoXXrq0ALE5,Default Response Set,Anonymous,,,130.64.25.56,0,2016-03-04 16:07:49,2016-03-04 16:11:03,1,2,3,2,1,1,5,3,3,4,4,3,2,2,4,4,2,42.401901245117,-71.119300842285,-1,
R_1Feqf8CBSDFbzu6,Default Response Set,Anonymous,,,172.58.217.140,0,2016-03-04 16:09:35,2016-03-04 16:12:53,1,2,1,1,1,1,5,4,2,1,4,1,1,1,5,5,2,42.166305541992,-71.361198425293,-1,
R_3CTVravz0pdlDIg,Default Response Set,Anonymous,,,66.30.113.39,0,2016-03-04 16:14:10,2016-03-04 16:16:13,1,3,2,3,4,3,2,4,3,2,2,3,2,1,4,4,3,42.401901245117,-71.119300842285,-1,
R_1i3XT2WwHXO2G3a,Default Response Set,Anonymous,,,130.64.25.57,0,2016-03-04 16:12:13,2016-03-04 16:16:16,1,1,1,2,4,1,4,2,2,2,4,1,2,1,2,4,2,42.401901245117,-71.119300842285,-1,
R_3h0AWfDEYCVjiVX,Default Response Set,Anonymous,,,24.61.46.219,0,2016-03-04 16:18:24,2016-03-04 16:21:57,1,5,3,4,5,3,3,1,3,4,1,3,4,4,2,2,3,42.380004882812,-71.13289642334,-1,
R_1C7IeaHg7bjwN8R,Default Response Set,Anonymous,,,73.4.164.12,0,2016-03-04 16:21:09,2016-03-04 16:22:51,1,1,1,1,4,1,4,2,2,1,5,2,1,1,2,3,5,42.380004882812,-71.13289642334,-1,
R_zSGs93iRjobA1Db,Default Response Set,Anonymous,,,130.64.25.60,0,2016-03-04 16:23:11,2016-03-04 16:25:23,1,2,1,2,5,1,5,1,1,1,4,2,1,2,2,3,5,42.401901245117,-71.119300842285,-1,
R_DVuZSo6VolKUdpf,Default Response Set,Anonymous,,,109.246.160.207,0,2016-03-04 16:30:16,2016-03-04 16:32:51,1,1,1,1,3,3,4,1,3,1,2,2,1,1,2,4,3,51.536697387695,-0.094406127929688,-1,
R_2uUJ60MWyVDmQbg,Default Response Set,Anonymous,,,130.64.194.240,0,2016-03-04 16:25:04,2016-03-04 16:33:08,1,3,1,1,5,3,5,3,2,3,4,1,2,3,3,3,4,42.401901245117,-71.119300842285,-1,
R_Usx4BBAAcY4WlgJ,Default Response Set,Anonymous,,,209.6.48.33,0,2016-03-04 16:34:44,2016-03-04 16:38:05,1,1,1,2,2,3,5,3,3,1,4,3,3,3,3,3,2,42.382797241211,-71.095497131348,-1,
R_31QWk867zHd9MVU,Default Response Set,Anonymous,,,50.169.37.23,0,2016-03-04 16:47:30,2016-03-04 16:49:21,1,2,2,1,5,2,5,2,4,1,5,3,1,2,5,5,1,42.406295776367,-71.051200866699,-1,
R_UzsHf6JjbVvy98Z,Default Response Set,Anonymous,,,130.64.195.39,0,2016-03-04 16:53:13,2016-03-04 16:56:01,1,2,1,2,2,1,5,3,5,2,5,1,1,1,3,3,1,42.401901245117,-71.119300842285,-1,
R_2R8Pog3ENrTHY8B,Default Response Set,Anonymous,,,98.118.100.96,0,2016-03-04 17:28:48,2016-03-04 17:31:00,1,2,1,2,2,2,4,1,2,1,5,2,1,1,3,3,3,42.424697875977,-71.111198425293,-1,
R_UaUAcRyyxZbd2GR,Default Response Set,Anonymous,,,144.82.176.181,0,2016-03-04 17:22:08,2016-03-04 17:41:01,1,2,2,3,2,3,1,2,2,1,2,4,4,3,3,2,4,51.514404296875,-0.094100952148438,-1,
R_27qTaip9VjZBPWt,Default Response Set,Anonymous,,,208.54.36.169,0,2016-03-04 17:45:27,2016-03-04 17:47:06,1,1,1,1,2,1,4,2,3,1,2,1,1,1,4,4,1,42.590805053711,-71.80549621582,-1,
R_3dFXvQ7JZ2zBA0T,Default Response Set,Anonymous,,,130.64.137.236,0,2016-03-04 17:59:00,2016-03-04 18:02:14,1,2,1,1,2,1,4,2,2,3,4,2,2,1,2,2,1,42.401901245117,-71.119300842285,-1,
R_22lBolkkPb1WScW,Default Response Set,Anonymous,,,130.64.186.237,0,2016-03-04 18:19:23,2016-03-04 18:21:17,1,1,1,4,5,4,3,4,3,1,1,5,2,1,1,2,4,42.401901245117,-71.119300842285,-1,
R_1E3QDTzZpTuNxZ7,Default Response Set,Anonymous,,,130.64.185.200,0,2016-03-04 18:25:10,2016-03-04 18:26:46,1,1,1,1,1,1,5,3,4,3,5,3,1,2,5,4,1,42.401901245117,-71.119300842285,-1,
R_2z7rFKpTQmqmScx,Default Response Set,Anonymous,,,98.118.43.190,0,2016-03-04 18:44:14,2016-03-04 18:49:37,1,1,1,1,2,2,4,2,3,1,4,1,1,1,3,3,3,42.424697875977,-71.111198425293,-1,
R_2ypi8179fSYJwsv,Default Response Set,Anonymous,,,163.1.32.35,0,2016-03-04 18:53:35,2016-03-04 18:56:45,1,2,2,4,3,3,3,3,3,1,4,2,3,1,3,3,2,51.75,-1.25,-1,
R_22nqsH8oAZjLtNv,Default Response Set,Anonymous,,,130.64.25.57,0,2016-03-04 18:56:49,2016-03-04 18:58:58,1,1,1,1,1,3,5,3,3,2,5,1,2,1,2,3,1,42.401901245117,-71.119300842285,-1,
R_3HLhMgj4vn1DnC7,Default Response Set,Anonymous,,,130.64.154.133,0,2016-03-04 19:14:20,2016-03-04 19:16:12,1,1,1,2,1,3,4,2,2,1,3,1,1,1,2,3,2,42.401901245117,-71.119300842285,-1,
R_3MQBgGylHkrlkdG,Default Response Set,Anonymous,,,209.6.48.33,0,2016-03-04 19:25:27,2016-03-04 19:26:56,1,2,1,2,2,1,5,3,3,2,2,2,2,1,3,3,2,42.382797241211,-71.095497131348,-1,
R_1ddja64Jzkymstt,Default Response Set,Anonymous,,,130.64.161.216,0,2016-03-04 19:39:29,2016-03-04 19:40:26,1,,,,,,,,,,,,,,,,,42.401901245117,-71.119300842285,-1,
R_3RrBsTDVwpDF2A7,Default Response Set,Anonymous,,,76.24.28.118,0,2016-03-04 19:35:29,2016-03-04 19:48:24,1,3,2,1,3,2,5,3,1,1,4,1,1,1,3,5,3,42.364593505859,-71.102798461914,-1,
R_2c5WOAOSsVwr5PY,Default Response Set,Anonymous,,,98.217.15.160,0,2016-03-04 19:54:50,2016-03-04 19:56:28,1,2,1,1,3,1,5,3,4,4,4,3,3,2,3,4,4,42.424697875977,-71.111198425293,-1,
R_RIdq3HQOXIksFRT,Default Response Set,Anonymous,,,73.149.189.29,0,2016-03-04 20:08:53,2016-03-04 20:16:18,1,3,1,2,3,2,4,3,4,2,5,2,1,2,3,3,3,42.428100585938,-71.05460357666,-1,
R_2rG7JXG4MyAubSo,Default Response Set,Anonymous,,,130.64.25.62,0,2016-03-05 00:23:25,2016-03-05 00:25:11,1,1,1,2,3,2,3,2,3,1,4,4,1,1,2,3,2,42.401901245117,-71.119300842285,-1,
R_1l5ET7uMOwkLm6y,Default Response Set,Anonymous,,,130.64.95.32,0,2016-03-05 00:23:29,2016-03-05 00:25:30,1,2,1,2,2,2,4,2,2,1,4,,2,1,4,4,2,42.401901245117,-71.119300842285,-1,
R_1Owz4a1NUqlMqns,Default Response Set,Anonymous,,,85.70.152.2,0,2016-03-05 05:42:31,2016-03-05 05:46:54,1,1,1,1,2,2,4,3,3,2,4,3,2,2,4,3,2,50.083297729492,14.466705322266,-1,
R_1l5cOBdVZqCR4NW,Default Response Set,Anonymous,,,130.64.159.25,0,2016-03-05 11:52:20,2016-03-05 12:00:43,1,2,1,2,3,2,4,2,3,2,4,2,2,1,3,4,3,42.401901245117,-71.119300842285,-1,
R_3ISnQZMlQYCzmBJ,Default Response Set,Anonymous,,,130.64.92.82,0,2016-03-05 12:03:48,2016-03-05 12:05:34,1,1,1,3,1,3,4,2,5,2,4,1,1,1,5,3,1,42.401901245117,-71.119300842285,-1,
R_33v6Ha7dlX6skGk,Default Response Set,Anonymous,,,130.64.25.60,0,2016-03-05 13:32:20,2016-03-05 13:35:36,1,1,1,1,3,1,5,3,3,1,4,2,1,1,4,3,3,42.401901245117,-71.119300842285,-1,
R_3s1dnH5kpYNXbsh,Default Response Set,Anonymous,,,73.249.209.227,0,2016-03-05 13:40:54,2016-03-05 13:43:07,1,1,1,1,2,1,5,2,3,2,5,1,1,1,4,4,2,42.393096923828,-71.134498596191,-1,
R_O7OQWJA441sBWwN,Default Response Set,Anonymous,,,98.110.163.239,0,2016-03-05 15:17:32,2016-03-05 15:19:29,1,1,1,1,2,1,5,2,3,1,5,1,1,1,4,4,4,42.533493041992,-71.10359954834,-1,
R_2QRLziVIXPd7MtS,Default Response Set,Anonymous,,,65.96.179.195,0,2016-03-05 15:32:33,2016-03-05 15:35:50,1,1,1,1,1,1,5,3,3,1,5,1,1,1,5,3,3,42.273696899414,-71.089996337891,-1,
R_Z1NEcxem8hZk5Oh,Default Response Set,Anonymous,,,67.87.255.247,0,2016-03-05 16:29:00,2016-03-05 16:30:38,1,2,1,2,3,3,3,3,3,1,4,2,2,1,2,4,3,41.144897460938,-73.342796325684,-1,
R_25KNVAN7MWTP2Xf,Default Response Set,Anonymous,,,66.31.32.78,0,2016-03-05 19:03:51,2016-03-05 19:06:04,1,5,5,5,5,5,1,2,4,5,1,5,5,1,3,4,5,42.424697875977,-71.111198425293,-1,
R_1DMdIPVjE6NtXaM,Default Response Set,Anonymous,,,209.6.197.19,0,2016-03-05 14:31:18,2016-03-06 02:08:01,1,1,1,1,1,1,5,3,3,1,5,1,1,1,4,3,1,42.382797241211,-71.095497131348,-1,
R_3M5S7bCQNSdD4qd,Default Response Set,Anonymous,,,130.64.160.128,0,2016-03-06 12:41:01,2016-03-06 12:43:16,1,2,1,2,1,3,3,3,3,2,3,1,1,1,3,3,1,42.401901245117,-71.119300842285,-1,
R_1GyrnJxshjAJAi6,Default Response Set,Anonymous,,,130.64.93.136,0,2016-03-06 16:35:41,2016-03-06 16:38:52,1,1,1,1,2,3,3,3,3,1,5,1,1,1,5,3,1,42.401901245117,-71.119300842285,-1,
R_qVpG2A0lfvUpOmt,Default Response Set,Anonymous,,,71.126.244.56,0,2016-03-06 17:07:59,2016-03-06 17:12:43,1,3,1,1,3,3,5,2,5,1,4,5,1,2,4,4,3,42.428100585938,-71.05460357666,-1,
R_3FWrl4jXjl1oKvK,Default Response Set,Anonymous,,,130.64.194.70,0,2016-03-06 21:48:58,2016-03-06 21:53:09,1,2,1,1,2,1,5,2,4,3,5,2,2,1,4,5,2,42.401901245117,-71.119300842285,-1,
